StateCode,Division,YearMonth,PCP,TAVG,PDSI,PHDI,ZNDX,PMDI,CDD,HDD,SP01,SP02,SP03,SP06,SP09,SP12,SP24,TMIN,TMAX
30,0,198012,2.16,19,-1.2,-1.2,-1.6,-1.2,0,1238,-1,-0.63,-0.29,-0.62,-0.71,-1.06,-0.12,8.3,29.6
30,0,198101,0.88,11.9,-2.12,-2.12,-3.12,-2.12,0,1463,-3.09,-2.21,-1.86,-1.37,-1.58,-1.17,-1,1.8,22
30,0,198102,4.69,29.4,-0.59,-0.59,3.93,1.26,0,897,2.07,0.18,-0.53,-0.23,-0.36,-0.22,-0.59,19.6,39.2
30,0,198103,1.13,31.8,-1.57,-1.57,-3.13,-1.12,0,908,-2.04,0.21,-1.18,-1.01,-1.11,-1.15,-0.85,22.7,40.9
30,0,198104,3.32,46,-1.64,-1.64,-0.68,-1.39,0,481,0.12,-1.44,0.17,-1.19,-1.05,-1.37,-0.89,35,57
30,0,198105,3.2,55.2,-1.71,-1.71,-0.74,-1.71,13,230,-0.21,-0.07,-1.17,-1.29,-0.84,-0.88,-1.04,42.5,67.8
30,0,198106,3.86,64,0.09,-1.45,0.27,-1.24,96,35,0.16,-0.09,-0.05,-0.76,-0.77,-0.95,-0.75,52.9,75
30,0,198107,4.18,68.5,0.37,-1.01,0.87,-0.3,230,4,0.38,0.25,0.03,0.08,-0.82,-0.81,-0.56,58,79
30,0,198108,3.25,65.7,0.2,-1.04,-0.4,-0.48,152,19,-0.4,-0.1,0.02,-0.8,-0.98,-0.71,-0.77,54.9,76.6
30,0,198109,5.56,57.3,1.2,1.2,3.07,1.2,23,141,1.3,0.86,0.85,0.44,-0.11,-0.26,-0.77,49,65.7
30,0,198110,5.11,44.1,2.34,2.34,3.77,2.34,0,526,1.04,1.6,1.18,0.85,0.83,0.03,-0.58,34.6,53.6
30,0,198111,2.31,36.5,-0.42,1.68,-1.25,1.07,0,724,-0.93,0.36,0.99,0.65,-0.01,-0.22,-0.83,28.5,44.5
30,0,198112,2.66,25.4,-0.64,1.24,-0.81,0.23,0,1098,-0.45,-0.98,0.07,0.52,0.34,-0.06,-0.75,19,31.9
30,0,198201,3.14,12,-0.37,1.31,0.61,0.55,0,1460,0.42,-0.16,-0.68,0.58,0.42,0.45,-0.41,1.9,22.1
30,0,198202,2.6,21.4,-0.3,1.21,0.09,0.46,0,1057,0.17,0.31,-0.12,0.77,0.55,-0.05,-0.18,12.3,30.5
30,0,198203,2.6,29.7,-0.48,0.87,-0.63,-0.13,0,952,-0.45,-0.26,-0.04,-0.02,0.42,0.27,-0.54,19.4,40
30,0,198204,2.77,40.4,-0.59,0.63,-0.47,-0.51,0,630,-0.44,-0.64,-0.54,-0.92,0.25,0.15,-0.7,28.8,52.1
30,0,198205,2.89,57.2,-1.04,-1.04,-1.52,-1.04,18,204,-0.47,-0.58,-0.8,-0.72,0.15,0.08,-0.51,45.1,69.3
30,0,198206,5.88,60.7,1.28,1.28,3.85,1.28,30,93,1.34,0.71,0.41,0.3,0.21,0.52,-0.28,50.8,70.5
30,0,198207,2.62,68.1,-0.51,0.64,-1.52,-0.34,200,5,-1.18,0.47,0.09,-0.27,-0.58,0.21,-0.45,56,80.2
30,0,198208,3.01,63,-0.65,-0.65,-0.59,-0.65,105,43,-0.65,-1.31,0.12,-0.51,-0.51,0.13,-0.42,51.9,74.1
30,0,198209,3.17,59,-0.87,-0.87,-0.86,-0.87,28,119,-0.32,-0.77,-1.39,-0.51,-0.53,-0.39,-0.48,48.4,69.6
30,0,198210,1.62,48.5,-1.66,-1.66,-2.63,-1.66,0,413,-1.4,-1.26,-1.44,-0.92,-1.12,-1.35,-0.84,37.1,60
30,0,198211,4.64,40.1,-1.45,-1.45,0.12,-1.32,0,628,1.03,-0.23,-0.47,-0.34,-0.75,-0.74,-0.62,31.8,48.4
30,0,198212,2.38,32.2,-1.72,-1.72,-1.27,-1.72,0,890,-0.76,0.34,-0.6,-1.31,-0.77,-0.77,-0.57,23.3,41
30,0,198301,2.47,22.2,-1.71,-1.71,-0.49,-1.71,0,1162,-0.26,-0.84,0.09,-1.1,-0.78,-0.96,-0.29,14,30.4
30,0,198302,1.83,25.1,-1.98,-1.98,-1.33,-1.98,0,996,-0.82,-0.88,-1.18,-1.17,-0.86,-1.2,-0.78,15.5,34.7
30,0,198303,3.53,34.4,0.19,-1.58,0.58,-1.25,0,830,0.47,-0.14,-0.38,-0.79,-1.38,-0.92,-0.4,26,42.8
30,0,198304,6.42,41.9,2.1,2.1,5.8,2.1,0,573,2.59,2.15,1.65,1.11,-0.02,-0.03,0.05,33,50.8
30,0,198305,4.73,52,2.53,2.53,1.94,2.53,2,324,0.92,1.97,2.02,1.07,0.46,0.39,0.26,41.2,62.8
30,0,198306,3.02,64.5,-0.36,1.91,-1.09,1.38,99,31,-0.51,0.25,1.34,1.02,0.38,-0.26,0.13,51.7,77.2
30,0,198307,1.93,69.7,-1.36,0.68,-3.09,-1.19,247,2,-2.21,-1.61,-0.63,0.44,0.4,-0.39,-0.19,57.5,82
30,0,198308,4.82,67.9,-0.89,0.94,0.99,-0.44,200,9,1,-0.55,-0.74,0.99,0.34,0.01,0.06,56.8,79.1
30,0,198309,2.58,60.9,-1.59,-1.59,-2.38,-1.59,66,72,-0.84,0.06,-1.03,0.48,0.26,-0.12,-0.38,48.9,73
30,0,198310,3.36,48.4,-1.75,-1.75,-0.98,-1.75,0,403,0.03,-0.62,-0.03,-0.5,0.31,0.28,-0.67,38.1,58.7
30,0,198311,4.98,37.5,0.38,-1.19,1.14,-0.56,0,688,1.27,0.77,0.19,-0.41,0.86,0.36,-0.24,29.7,45.3
30,0,198312,5.93,21.9,1.79,1.79,4.35,1.79,0,1143,2.22,2.11,1.62,0.68,1.29,1.12,0.28,14.5,29.3
30,0,198401,1.61,16.7,0.97,0.97,-1.92,-0.03,0,1327,-1.44,1.03,1.49,0.94,0.35,0.95,0.07,7.8,25.6
30,0,198402,3.27,30,1.31,1.31,1.32,0.9,0,865,0.86,-0.38,1.3,0.88,0.24,1.27,0.14,21.3,38.7
30,0,198403,2.73,24.2,1.04,1.04,-0.41,0.39,0,1091,-0.32,0.34,-0.53,1.16,0.37,1.07,0.13,14.7,33.7
30,0,198404,4.05,43.8,1.3,1.3,1.11,1.07,0,564,0.8,0.37,0.7,1.56,1.11,0.56,0.29,34.1,53.5
30,0,198405,7.28,51.6,3.01,3.01,5.53,3.01,3,311,2.45,2.04,1.81,2.18,1.66,1.1,0.91,41.2,61.9
30,0,198406,3.19,64.8,2.41,2.41,-0.89,1.98,118,26,-0.36,1.41,1.46,1.06,1.7,1.1,0.52,52.7,76.8
30,0,198407,4.33,67.2,2.56,2.56,1.21,2.56,169,10,0.5,-0.01,1.36,1.52,1.87,1.54,0.8,56.6,77.9
30,0,198408,4.34,68.4,2.6,2.6,0.9,2.6,213,9,0.62,0.68,0.27,1.41,1.78,1.43,1,58.3,78.5
30,0,198409,2.84,56.4,-0.22,2.11,-0.65,1.77,16,165,-0.61,-0.07,0.18,1.2,0.9,1.5,0.95,45.5,67.3
30,0,198410,2.16,51.2,-0.84,1.25,-1.93,0.04,4,317,-0.88,-1.14,-0.66,0.58,0.81,1.32,1,40.6,61.9
30,0,198411,2.98,36.5,-1.18,0.69,-1.28,-1.01,0,720,-0.28,-0.9,-1.2,-0.68,0.5,0.95,0.78,27.7,45.3
30,0,198412,3.81,31.6,-0.72,0.96,1.01,-0.28,0,887,0.63,0.21,-0.44,-0.28,0.69,0.49,1.02,23.7,39.5
30,0,198501,1.86,16.1,-1.15,-1.15,-1.5,-1.15,0,1345,-1.04,-0.25,-0.36,-0.81,0.3,0.54,0.92,7.9,24.2
30,0,198502,2.21,22.8,-1.24,-1.24,-0.63,-1.24,0,1031,-0.3,-1.09,-0.44,-1.29,-0.83,0.3,0.98,13.9,31.7
30,0,198503,3.04,33,-1.12,-1.12,-0.03,-1.05,0,831,-0.01,-0.22,-0.88,-0.96,-0.67,0.34,0.87,22.2,43.7
30,0,198504,1.96,45.6,-2.02,-2.02,-3.05,-2.02,0,487,-1.4,-0.95,-1.03,-1.01,-1.28,-0.14,0.23,34.5,56.7
30,0,198505,3.08,56.3,-2.18,-2.18,-1.1,-2.18,18,201,-0.31,-0.99,-0.9,-1.03,-1.5,-1.17,-0.01,44.1,68.5
30,0,198506,3.95,59.5,0.39,-1.56,1.18,-0.97,36,95,0.22,-0.11,-0.67,-1.17,-1.15,-0.94,0.12,49.2,69.9
30,0,198507,3,67,-0.24,-1.64,-0.73,-1.32,183,10,-0.73,-0.31,-0.48,-1.03,-1.09,-1.3,0.29,55.5,78.4
30,0,198508,3.22,65.6,-0.41,-1.66,-0.57,-1.51,151,21,-0.43,-0.9,-0.52,-1.06,-1.15,-1.51,0.07,54.6,76.5
30,0,198509,4.9,60.7,0.49,-1,1.47,-0.12,52,83,0.91,0.49,-0.01,-0.58,-0.99,-1.02,0.42,49.9,71.4
30,0,198510,3.29,48.9,0.56,-0.78,0.34,0.26,2,384,-0.01,0.5,0.24,-0.19,-0.68,-0.79,0.39,38.3,59.5
30,0,198511,5.9,38.9,1.8,1.8,3.91,1.8,0,645,1.86,1.12,1.38,0.65,0.1,-0.08,0.53,32.1,45.7
30,0,198512,2.52,21.9,-0.34,1.27,-1.03,0.7,0,1167,-0.6,1.05,0.73,0.45,-0.04,-0.36,0.07,15,28.7
30,0,198601,3.06,21.2,-0.15,1.3,0.48,0.91,0,1185,0.35,-0.32,1.05,0.83,0.34,-0.07,0.3,12,30.3
30,0,198602,2.65,20.3,-0.07,1.23,0.18,0.86,0,1109,0.22,0.29,-0.22,1.06,0.5,0.01,0.18,12.3,28.4
30,0,198603,2.93,33.9,-0.19,0.98,-0.36,0.39,0,842,-0.12,0.03,0.15,0.67,0.44,-0.03,0.18,23.5,44.4
30,0,198604,2.57,46.7,-0.89,-0.89,-2.19,-0.89,0,482,-0.66,-0.54,-0.43,0.52,0.53,0.11,-0.04,35.5,57.9
30,0,198605,3.31,57.9,-1.16,-1.16,-1.06,-1.16,25,175,-0.13,-0.44,-0.49,-0.56,0.54,0.16,-0.63,46.3,69.5
30,0,198606,5.69,61.7,1.14,1.14,3.43,1.14,65,59,1.24,0.81,0.42,0.42,0.69,0.53,-0.26,50.3,73
30,0,198607,5.57,67.5,2.12,2.12,3.29,2.12,185,8,1.4,1.63,1.28,0.85,1.19,1.07,-0.09,57.8,77.3
30,0,198608,4.49,64.3,2.7,2.7,2.39,2.7,116,32,0.74,1.51,1.7,1.02,0.79,1.28,-0.05,54.1,74.5
30,0,198609,3.73,57.5,2.8,2.8,1.13,2.8,22,142,0.12,0.54,1.17,1.01,1,1.08,0.1,47.8,67.2
30,0,198610,3.38,47.6,2.85,2.85,1.01,2.85,0,421,0.05,-0.02,0.31,1.11,0.84,1.14,0.26,37.8,57.4
30,0,198611,3.95,34.3,3.06,3.06,1.52,3.06,0,784,0.53,0.31,0.25,1.36,0.92,0.76,0.41,26.4,42.2
30,0,198612,3.35,28.2,2.84,2.84,0.28,2.84,0,1000,0.22,0.49,0.33,0.93,0.92,0.93,0.38,21.8,34.7
30,0,198701,3.38,20.3,2.88,2.88,1.01,2.88,0,1224,0.63,0.48,0.68,0.66,1.25,1,0.6,11.9,28.7
30,0,198702,0.62,18.9,-1.18,1.4,-3.55,-0.13,0,1115,-3.09,-1.16,-0.76,-0.24,0.92,0.57,0.36,7.9,29.9
30,0,198703,2.2,34.7,-1.64,0.68,-1.74,-1.49,0,826,-0.86,-2.51,-1.56,-0.62,0.22,0.37,0.2,23.6,45.6
30,0,198704,4.13,47.4,-1.31,0.77,0.48,-1.09,0,479,0.87,0.07,-1.21,-0.26,0.03,0.74,0.48,36.9,57.9
30,0,198705,1.81,56.1,-2.12,-2.12,-2.82,-2.12,13,228,-1.48,-0.4,-0.87,-1.24,-0.7,0.39,0.31,44.2,68
30,0,198706,4.46,65.2,0.24,-1.66,0.73,-1.26,109,26,0.55,-0.52,-0.04,-0.96,-0.51,0.1,0.37,54.4,76
30,0,198707,4.31,70.1,0.42,-1.28,0.62,-0.55,244,2,0.49,0.6,-0.24,-0.92,-0.36,-0.14,0.59,59.4,80.8
30,0,198708,3.82,64.8,0.55,-0.98,0.5,-0.01,125,29,0.16,0.34,0.57,-0.18,-0.54,-0.3,0.69,53.8,75.7
30,0,198709,5.75,58.7,1.51,1.51,3.05,1.51,31,120,1.41,1.23,1.21,0.71,0.01,0.15,0.81,49.8,67.6
30,0,198710,3.79,45,1.98,1.98,1.9,1.98,0,513,0.31,1.12,0.98,0.53,-0.05,0.25,0.86,34.5,55.4
30,0,198711,3.03,37.6,-0.1,1.68,-0.29,1.48,0,690,-0.23,0.06,0.84,0.9,0.35,0.03,0.47,28.7,46.5
30,0,198712,2.24,29.2,-0.58,1.02,-1.47,0.07,0,981,-0.91,-0.76,-0.39,0.48,0.32,-0.21,0.47,22.8,35.6
30,0,198801,1.63,19.2,-1.15,-1.15,-1.88,-1.15,0,1294,-1.4,-1.57,-1.45,0.02,-0.19,-0.65,0.27,9.5,28.9
30,0,198802,2.9,21.6,-0.81,-0.81,0.64,-0.3,0,1053,0.49,-0.68,-1.13,0.1,0.36,-0.11,0.28,11.5,31.7
30,0,198803,1.8,31.3,-1.39,-1.39,-1.99,-1.39,0,889,-1.29,-0.67,-1.46,-1.26,-0.17,-0.22,0.09,20.6,42
30,0,198804,2.79,43.1,-1.59,-1.59,-1.01,-1.59,0,571,-0.42,-1.31,-0.85,-1.7,-0.42,-0.55,0.11,33.4,52.8
30,0,198805,3.16,56.4,-1.76,-1.76,-1.01,-1.76,13,229,-0.25,-0.4,-1.1,-1.71,-0.55,-0.22,0.08,44.9,68
30,0,198806,1.58,61.8,-2.51,-2.51,-2.81,-2.51,71,53,-2.36,-1.47,-1.41,-2.22,-1.83,-0.88,-0.51,48.7,74.9
30,0,198807,5.04,71,-1.83,-1.83,1.27,-1.22,271,1,1.04,-0.5,-0.59,-1.02,-1.71,-0.69,-0.62,59.5,82.6
30,0,198808,4.47,69,-1.42,-1.42,0.67,-0.48,239,5,0.73,1.19,-0.07,-0.84,-1.32,-0.52,-0.61,58.1,79.9
30,0,198809,2.44,57.5,-1.83,-1.83,-1.68,-1.55,25,139,-0.98,-0.25,0.39,-0.79,-1.45,-1.36,-0.82,46.2,68.7
30,0,198810,3.67,43.8,-1.46,-1.46,0.56,-0.89,0,548,0.23,-0.53,-0.11,-0.53,-0.91,-1.5,-0.77,35.1,52.5
30,0,198811,4.6,39.1,-0.77,-0.77,1.61,0.45,0,668,1.01,0.74,0.1,-0.07,-0.65,-1.09,-0.66,31,47.1
30,0,198812,1.66,24.4,-1.49,-1.49,-2.39,-1.11,0,1096,-1.62,-0.1,0.01,0.17,-0.65,-1.21,-0.94,15.3,33.5
30,0,198901,1.63,25.6,-1.96,-1.96,-1.88,-1.96,0,1068,-1.4,-2.01,-0.81,-0.62,-0.9,-1.21,-1.23,16.3,35
30,0,198902,1.95,20.8,-2.13,-2.13,-1.11,-2.13,0,1071,-0.65,-1.56,-2.11,-1.24,-1.04,-1.51,-1.01,12,29.6
30,0,198903,3.02,30.3,-1.88,-1.88,0.08,-1.78,0,927,-0.03,-0.45,-1.25,-0.76,-0.4,-1.12,-0.84,19.7,40.9
30,0,198904,2.26,40.3,-2.14,-2.14,-1.37,-2.14,0,613,-1.02,-0.71,-1.02,-1.35,-1.1,-1.28,-1.07,29.8,50.8
30,0,198905,6.5,55,1.29,-0.64,3.86,1.17,10,247,2.01,1.03,0.92,-0.56,-0.37,-0.42,-0.42,44.4,65.5
30,0,198906,5.83,64.7,2.2,2.2,3.13,2.2,105,30,1.32,2.08,1.48,0.75,0.5,0.54,-0.22,54.8,74.6
30,0,198907,3.17,68.2,1.75,1.75,-0.66,1.39,187,6,-0.55,0.7,1.6,0.86,0.31,0.17,-0.41,56.9,79.6
30,0,198908,3.6,65.6,1.61,1.61,0.11,1.24,159,20,-0.05,-0.53,0.58,0.97,-0.09,-0.04,-0.43,55,76.1
30,0,198909,5.1,59.1,2.15,2.15,2.11,2.15,40,105,1.03,0.8,0.35,1.31,0.74,0.53,-0.52,48.8,69.5
30,0,198910,4.24,49.1,2.55,2.55,1.87,2.55,0,388,0.57,1.03,0.83,1.65,1.17,0.68,-0.46,38.2,60
30,0,198911,4.09,35.8,2.8,2.8,1.55,2.8,0,746,0.63,0.77,1.15,1.14,1.44,0.58,-0.29,27.1,44.6
30,0,198912,1.41,11.1,1.59,1.59,-2.78,0.36,0,1451,-1.97,-0.59,-0.07,0.08,0.96,0.54,-0.39,1.5,20.7
30,0,199001,3.7,30.3,1.93,1.93,1.54,1.32,0,949,0.9,-0.66,-0.06,0.61,1.42,0.97,-0.05,22.6,38
30,0,199002,3.66,26.7,2.42,2.42,2.04,2.42,0,922,1.23,1.48,0.1,1.03,1.08,1.36,0.03,16.1,37.3
30,0,199003,2.44,34.5,1.73,1.73,-1.3,1.11,0,821,-0.61,0.41,0.85,0.39,0.42,1.2,0.1,23.6,45.4
30,0,199004,4.07,45.6,1.81,1.81,0.76,1.46,0,518,0.81,0.19,0.77,0.42,0.86,1.59,0.27,35.4,55.7
30,0,199005,6.37,52.1,3.02,3.02,4.19,3.02,1,320,1.94,1.71,1.36,1.17,1.5,1.55,0.72,41.5,62.7
30,0,199006,3.29,63.9,2.52,2.52,-0.58,2.22,83,38,-0.28,1.09,1.2,1.49,1.01,0.98,0.93,53.1,74.7
30,0,199007,3.44,68.2,2.15,2.15,-0.32,1.67,206,5,-0.27,-0.44,0.75,1.03,0.78,1.03,0.76,57.6,78.8
30,0,199008,5.01,67,2.64,2.64,2.12,2.64,184,14,1.15,0.54,0.22,1.04,0.94,1.27,0.85,57.1,76.9
30,0,199009,2.96,58,2.13,2.13,-0.71,1.76,30,125,-0.5,0.4,0.13,0.95,1.25,0.88,0.92,47.9,68.1
30,0,199010,6.39,50.7,3.16,3.16,3.76,3.16,7,303,1.64,1.03,1.34,1.42,1.63,1.34,1.27,40.8,60.5
30,0,199011,3.21,39.5,2.75,2.75,-0.26,2.59,0,639,-0.08,1.28,0.84,0.66,1.3,1.21,1.09,30.3,48.8
30,0,199012,5.48,30.8,3.68,3.68,3.64,3.68,0,901,1.92,1.18,1.87,1.48,1.78,1.95,1.62,22.1,39.4
30,0,199101,2.52,21,-0.14,3.17,-0.41,2.94,0,1178,-0.2,1.34,0.92,1.55,1.64,1.74,1.67,12.3,29.7
30,0,199102,1.62,27.6,-0.69,2.27,-1.71,1.32,0,907,-1.14,-1.03,0.61,1.02,0.86,1.4,1.69,18.5,36.7
30,0,199103,3.91,34.7,-0.23,2.43,1.17,1.89,0,805,0.83,-0.01,-0.23,1.54,1.24,1.67,1.77,25.8,43.6
30,0,199104,3.87,47.4,-0.21,2.18,0.01,1.6,0,443,0.64,0.99,0.33,0.88,1.49,1.65,1.92,36.9,58
30,0,199105,3.21,60,-0.71,1.43,-1.58,0.24,49,125,-0.21,0.23,0.58,0.81,1.05,0.96,1.57,47.8,72.3
30,0,199106,1.6,65.5,-1.8,-1.8,-3.49,-1.8,125,21,-2.32,-1.42,-0.82,-0.9,0.66,0.57,0.95,53.1,77.9
30,0,199107,3.04,68.6,-2.21,-2.21,-1.78,-2.21,222,4,-0.69,-1.85,-1.49,-1.02,-0.28,0.51,0.99,57,80.2
30,0,199108,4.15,68.2,-2.1,-2.1,-0.34,-2.1,214,9,0.46,-0.26,-1.32,-0.51,-0.15,0.3,1.07,57.6,78.9
30,0,199109,3.91,57.5,-1.9,-1.9,-0.07,-1.87,28,132,0.25,0.45,-0.02,-0.69,-0.79,0.52,0.91,45.8,69.2
30,0,199110,2.96,50.1,-2.15,-2.15,-1.31,-2.15,2,362,-0.24,-0.14,0.08,-1.03,-0.79,-0.24,0.71,39,61.2
30,0,199111,3.11,37,-2.4,-2.4,-1.43,-2.4,0,695,-0.16,-0.34,-0.22,-1.03,-0.59,-0.28,0.59,29.1,44.9
30,0,199112,3.17,27.5,-2.15,-2.15,0,-2.09,0,987,0.05,-0.09,-0.3,-0.32,-0.76,-0.84,0.87,18.7,36.2
30,0,199201,2.08,22.2,-2.31,-2.31,-1.14,-2.31,0,1145,-0.73,-0.55,-0.53,-0.28,-1.2,-0.96,0.64,13.5,30.9
30,0,199202,1.96,23.9,-2.44,-2.44,-1.09,-2.44,0,991,-0.63,-1.12,-0.85,-0.71,-1.38,-0.9,0.39,15.1,32.7
30,0,199203,3.19,27.5,0.12,-2.06,0.37,-1.84,0,994,0.14,-0.3,-0.79,-0.79,-0.67,-1.06,0.46,17.7,37.3
30,0,199204,3.39,41.6,0.24,-1.72,0.39,-1.26,0,618,0.19,0.24,-0.19,-0.56,-0.36,-1.21,0.34,31.8,51.4
30,0,199205,3.6,54.4,-0.01,-1.56,-0.04,-1.06,8,274,0.1,0.19,0.21,-0.41,-0.47,-1.08,-0.05,42,66.9
30,0,199206,2.87,61.2,-0.26,-1.64,-0.74,-1.39,49,71,-0.64,-0.4,-0.27,-0.75,-0.77,-0.73,-0.11,49.8,72.6
30,0,199207,6.49,64.6,1.72,1.72,5.15,1.72,131,23,1.96,0.86,0.7,0.46,0.11,0.1,0.34,55,74.2
30,0,199208,4.42,63.9,2.32,2.32,2.34,2.32,106,37,0.68,2,1.03,0.84,0.35,0.13,0.27,53.9,73.9
30,0,199209,4.03,58.6,2.55,2.55,1.4,2.55,29,122,0.33,0.67,1.61,0.86,0.46,0.17,0.44,47.9,69.1
30,0,199210,3.11,44.1,2.66,2.66,1.12,2.66,0,520,-0.14,0,0.3,0.68,0.52,0.21,-0.07,34.2,53.9
30,0,199211,4.5,36.2,3.09,3.09,2.12,3.09,0,741,0.94,0.45,0.48,0.98,0.92,0.53,0.14,29.5,42.8
30,0,199212,3.05,27,2.71,2.71,-0.19,2.57,0,1033,-0.06,0.62,0.32,1.24,0.8,0.51,-0.2,19.3,34.6
30,0,199301,3.02,24.3,2.57,2.57,0.41,2.53,0,1095,0.31,0.03,0.63,0.61,0.85,0.71,-0.1,16.5,32.1
30,0,199302,2.59,14.9,2.33,2.33,0.07,2.26,0,1202,0.16,0.21,0.04,0.43,0.9,0.86,0.01,3.4,26.5
30,0,199303,3.82,27.6,2.57,2.57,1.44,2.57,0,1013,0.74,0.62,0.63,0.58,1.36,0.96,-0.02,17.5,37.7
30,0,199304,5.5,44.2,3.52,3.52,3.64,3.52,0,534,1.95,1.84,1.71,1.53,1.28,1.43,0.2,33.8,54.5
30,0,199305,1.7,55.2,-0.94,2.22,-2.81,1.05,16,217,-1.6,0.29,0.6,0.48,0.59,1,-0.02,43,67.4
30,0,199306,3.93,62.4,-0.7,2.13,0.43,1.11,81,47,0.21,-0.89,0.25,0.54,0.52,1.19,0.3,51.2,73.6
30,0,199307,2.44,69.6,-1.39,1.15,-2.31,-0.74,255,3,-1.41,-0.65,-1.38,-0.05,0.3,0.36,0.23,58.6,80.5
30,0,199308,2.87,67.8,-2.04,-2.04,-2.36,-2.04,193,10,-0.81,-1.54,-1.04,-0.34,-0.29,0.01,0.06,56.7,78.8
30,0,199309,4.91,57.7,0.45,-1.38,1.34,-0.69,31,130,0.92,0.29,-0.49,-0.18,0.1,0.21,0.22,48,67.2
30,0,199310,3.3,45.6,0.46,-1.18,0.17,-0.38,0,476,-0.01,0.51,0.1,-0.93,0,0.26,0.25,35.3,56
30,0,199311,4.17,36.4,0.88,-0.59,1.41,0.83,0,728,0.69,0.38,0.77,-0.13,0.18,0.18,0.41,27.8,44.9
30,0,199312,3.12,24.5,0.76,-0.56,-0.08,0.76,0,1081,0,0.49,0.29,-0.17,-0.01,0.22,0.45,16.7,32.3
30,0,199401,3.88,10.6,1.3,1.3,1.84,1.3,0,1461,1.04,0.67,0.91,0.65,-0.33,0.41,0.69,0.1,21.1
30,0,199402,2,16.9,0.82,0.82,-1.01,0.14,0,1189,-0.58,0.42,0.24,0.77,0.01,0.26,0.69,6.4,27.4
30,0,199403,4.06,29.1,1.36,1.36,1.85,1.36,0,958,0.97,0.38,0.93,0.73,0.25,0.29,0.77,20.1,38.2
30,0,199404,3.61,44.9,1.24,1.24,0.08,1.21,0,488,0.4,0.93,0.48,0.96,0.76,-0.14,0.77,33.4,56.5
30,0,199405,3.35,52.2,1.12,1.12,0,0.99,5,300,-0.09,0.17,0.6,0.6,0.86,0.24,0.75,40.6,63.8
30,0,199406,5.07,65.8,1.6,1.6,1.79,1.6,132,18,0.91,0.56,0.6,1.01,0.84,0.48,1.03,54.5,77.1
30,0,199407,3.46,70.4,1.24,1.24,-0.57,0.88,281,2,-0.26,0.49,0.29,0.47,0.84,0.72,0.66,60.1,80.6
30,0,199408,5.5,64.5,2.36,2.36,3.73,2.36,121,31,1.51,0.86,1.12,1.16,1.11,1.2,0.83,54.3,74.8
30,0,199409,3.32,58.2,2.2,2.2,0.27,2.2,29,125,-0.2,0.86,0.54,0.72,1.07,0.91,0.73,48.6,67.8
30,0,199410,1.03,47.9,-0.73,1.25,-2.18,0.21,0,421,-2.13,-1.52,-0.43,-0.1,0.09,0.47,0.42,36.8,59
30,0,199411,4.19,41.5,-0.46,1.32,0.59,0.52,0,580,0.71,-0.85,-0.9,0.16,0.42,0.48,0.38,32,51
30,0,199412,2.64,30.1,-0.69,0.9,-0.84,-0.26,0,925,-0.48,0.24,-1.01,-0.38,0.04,0.39,0.37,21.6,38.6
30,0,199501,3.09,27.3,-0.44,0.98,0.53,0.05,0,1015,0.37,-0.21,0.31,-0.15,0.02,0.21,0.38,20.1,34.4
30,0,199502,2.23,18.6,-0.59,0.69,-0.59,-0.45,0,1129,-0.28,-0.02,-0.39,-1,-0.02,0.24,0.3,8.4,28.7
30,0,199503,1.62,35.3,-1.47,-1.47,-2.83,-1.47,0,800,-1.49,-1.43,-1,-1.54,-0.81,-0.35,-0.05,24.8,45.9
30,0,199504,2.3,39.8,-1.72,-1.72,-1.19,-1.72,0,611,-0.98,-1.97,-1.76,-0.92,-1.02,-0.68,-0.5,29.1,50.5
30,0,199505,2.17,53.7,-2.18,-2.18,-1.9,-2.18,7,283,-1.13,-1.42,-2.28,-1.95,-1.95,-0.96,-0.46,42.7,64.7
30,0,199506,1.79,66.1,-3.06,-3.06,-3.33,-3.06,99,26,-1.96,-2.07,-2.18,-2.57,-2.48,-1.74,-0.76,53.6,78.5
30,0,199507,4.08,70.6,-2.92,-2.92,-0.52,-2.92,268,2,0.3,-0.96,-1.4,-2.21,-1.73,-1.66,-0.56,59.9,81.3
30,0,199508,2.42,68.7,-3.76,-3.76,-3.43,-3.76,217,7,-1.36,-0.72,-1.66,-2.63,-2.47,-2.38,-0.62,56.6,80.7
30,0,199509,3.21,56.8,-3.74,-3.74,-1.1,-3.74,27,143,-0.29,-1.22,-0.79,-2.1,-2.46,-2.54,-0.89,45.1,68.3
30,0,199510,7.51,52.1,1.34,-2.02,4.01,-0.39,5,302,2.11,1.62,0.9,-0.27,-1.07,-0.8,-0.23,41.7,62.6
30,0,199511,4.3,33,1.93,-1.08,2.2,1.35,0,813,0.79,2.06,1.7,0.38,-0.69,-0.8,-0.2,25.8,40.1
30,0,199512,2.38,20.8,1.32,-1.38,-1.25,0.46,0,1201,-0.76,0.15,1.6,0.76,-0.46,-0.83,-0.28,14.1,27.6
30,0,199601,4.55,18.9,2.16,2.16,2.94,2.16,0,1258,1.53,0.62,0.93,1.24,0.21,-0.46,-0.16,9.1,28.7
30,0,199602,2.03,21.9,1.62,1.62,-0.96,1.12,0,1055,-0.54,0.94,0.22,1.54,0.45,-0.54,-0.19,13.2,30.5
30,0,199603,2.07,27.8,0.94,0.94,-1.53,-0.28,0,1010,-1,-1.19,0.16,1.46,0.73,-0.43,-0.5,17.3,38.3
30,0,199604,5.26,41.7,2.09,2.09,3.75,2.09,0,575,1.77,0.72,0.3,0.87,1.2,0.28,-0.25,31.6,51.7
30,0,199605,4.92,52.7,2.57,2.57,2.08,2.57,5,301,1.04,1.61,1.11,1.02,1.76,0.88,-0.04,41.7,63.6
30,0,199606,4.81,65.3,2.8,2.8,1.48,2.8,100,28,0.76,1.12,1.6,1.53,2,1.47,-0.08,55.2,75.3
30,0,199607,5.54,66.4,3.65,3.65,3.42,3.65,149,13,1.38,1.27,1.52,1.46,1.56,1.7,0.23,56.4,76.5
30,0,199608,2.69,67.3,2.81,2.81,-1.41,2.2,168,12,-1.02,0.41,0.75,1.23,1.16,1.72,-0.17,56.4,78.1
30,0,199609,5.25,60.2,3.3,3.3,2.34,3.3,43,95,1.12,0.38,1.05,1.84,1.81,2.11,0.13,51.1,69.2
30,0,199610,4.12,48,3.61,3.61,1.95,3.61,0,424,0.5,1.04,0.5,1.39,1.41,1.55,0.55,37.5,58.5
30,0,199611,4.7,32.6,4.19,4.19,2.85,4.19,0,836,1.08,0.97,1.38,1.44,1.8,1.69,0.64,25.2,39.9
30,0,199612,4.89,31.9,4.66,4.66,2.71,4.66,0,905,1.49,1.58,1.44,1.66,2.16,2.09,0.99,25.9,37.8
30,0,199701,2.7,20,4.14,4.14,-0.11,4.04,0,1214,-0.01,1.07,1.4,1.24,1.83,1.77,0.91,10.7,29.3
30,0,199702,2.52,27.3,3.7,3.7,-0.06,3.52,0,894,0.08,-0.1,0.89,1.59,1.65,1.94,0.96,17.6,37.1
30,0,199703,3.91,30.1,3.85,3.85,1.6,3.85,0,915,0.83,0.64,0.45,1.46,1.67,2.29,1.23,20.6,39.5
30,0,199704,2.63,41,3.17,3.17,-0.85,2.78,0,598,-0.59,0.21,0.13,1.14,1.13,1.77,1.22,29.8,52.1
30,0,199705,3.22,49.8,2.92,2.92,0.23,2.57,0,357,-0.2,-0.46,0.01,0.55,1.23,1.4,1.42,39.2,60.5
30,0,199706,2.97,64.9,2.21,2.21,-1.24,1.33,85,34,-0.55,-0.56,-0.75,-0.41,0.63,0.98,1.53,53.1,76.7
30,0,199707,3.24,66.9,1.8,1.8,-0.55,0.68,189,10,-0.47,-0.75,-0.74,-0.57,0.36,0.52,1.49,55.4,78.4
30,0,199708,4.1,64.9,1.88,1.88,0.8,1.05,141,24,0.41,-0.16,-0.45,-0.41,0.07,0.77,1.71,54.2,75.7
30,0,199709,3.86,57.9,1.79,1.79,0.32,1.05,30,127,0.21,0.4,0.03,-0.61,-0.39,0.51,1.75,47.6,68.1
30,0,199710,2.16,46.9,1.17,1.17,-1.31,-0.02,0,433,-0.88,-0.58,-0.31,-0.79,-0.69,0.1,1.06,36,57.9
30,0,199711,4.61,34.5,1.65,1.65,1.79,1.03,0,782,1.01,0.04,0.07,-0.34,-0.34,0.07,1.1,27.4,41.7
30,0,199712,3.09,27.8,1.43,1.43,-0.13,0.75,0,1002,-0.02,0.7,-0.02,-0.09,-0.53,-0.34,1.24,20.9,34.7
30,0,199801,5.24,27.5,2.65,2.65,4.08,2.65,0,989,1.98,1.55,1.67,0.88,0.23,0.26,1.29,20.1,35
30,0,199802,2.57,30.2,2.39,2.39,0.03,2.34,0,852,0.13,1.78,1.35,0.82,0.33,0.25,1.39,21.5,38.8
30,0,199803,3.64,34.8,2.37,2.37,0.7,2.37,0,804,0.57,0.48,1.76,0.98,0.72,0.17,1.56,25.8,43.8
30,0,199804,3.12,46,1.78,1.78,-1.04,1.26,0,490,-0.07,0.36,0.29,1.46,0.88,0.29,1.23,34.3,57.7
30,0,199805,3.59,60.4,1.22,1.22,-1.12,0.17,34,151,0.09,0.04,0.29,1.03,0.73,0.36,1.09,48.8,72
30,0,199806,6.74,63.7,2.65,2.65,4.66,2.65,68,48,1.75,1.36,1.1,1.9,1.35,1.15,1.32,54.1,73.3
30,0,199807,3.94,67.7,2.6,2.6,0.65,2.6,205,8,0.18,1.41,1.17,1.13,1.7,1.27,1.17,57.2,78.2
30,0,199808,3.41,68,-0.14,2.19,-0.43,1.94,216,9,-0.23,-0.15,1.14,0.98,1.44,1.11,1.27,57.2,78.8
30,0,199809,2.78,61.1,-0.63,1.46,-1.51,0.52,66,71,-0.66,-0.77,-0.55,0.5,1.27,0.92,0.93,50,72.2
30,0,199810,2.84,49.4,-0.91,0.97,-1.02,-0.4,0,377,-0.33,-0.79,-0.81,0.35,0.41,1.09,0.74,40.1,58.8
30,0,199811,1.84,38.5,-1.83,-1.83,-3.05,-1.83,0,682,-1.44,-1.22,-1.48,-0.15,-0.01,0.53,0.34,31.2,45.8
30,0,199812,1.69,32.8,-2.45,-2.45,-2.42,-2.45,0,867,-1.58,-2.34,-1.94,-1.66,-0.51,0.23,-0.1,23.7,42
30,0,199901,5.58,20.7,-0.65,-0.65,4.64,1.42,0,1177,2.18,0.85,-0.11,-0.75,0.21,0.3,0.34,11.2,30.1
30,0,199902,1.34,27.1,-1.32,-1.32,-2.23,-0.26,0,938,-1.63,1.18,0.01,-1.19,-0.12,0,0.15,17.3,36.9
30,0,199903,3.93,30.1,-0.64,-0.64,1.63,1.02,0,904,0.85,-0.21,1.44,-0.48,-0.73,0.04,0.12,20.8,39.5
30,0,199904,1.79,44,-1.58,-1.58,-3.01,-1.03,0,520,-1.63,-0.37,-1.13,-0.88,-1.28,-0.27,-0.01,32.4,55.7
30,0,199905,2.61,57.4,-2.06,-2.06,-1.94,-2.06,17,205,-0.72,-1.48,-0.76,-0.6,-1.36,-0.5,-0.11,44.7,70.1
30,0,199906,2.19,66.7,-2.8,-2.8,-2.84,-2.8,140,14,-1.38,-1.43,-1.97,-0.61,-1.54,-1.59,-0.22,54.5,79
30,0,199907,3.28,71.3,-3.13,-3.13,-1.86,-3.13,308,1,-0.43,-1.23,-1.38,-1.83,-1.68,-1.86,-0.22,59.8,82.7
30,0,199908,2.84,65.8,-3.53,-3.53,-2.17,-3.53,172,19,-0.85,-0.97,-1.65,-1.67,-1.44,-1.88,-0.4,54.8,76.8
30,0,199909,7.09,62.1,1.23,-1.93,3.69,-0.41,66,65,2.12,1.4,0.94,-0.69,0.06,-0.81,0.11,51.2,73
30,0,199910,3.04,46.7,1.2,-1.64,0.29,-0.03,0,442,-0.19,1.37,0.84,-0.31,-0.84,-0.81,0.21,35.9,57.6
30,0,199911,3.1,42.2,0.82,-1.73,-0.78,-0.43,0,576,-0.17,-0.3,1.08,-0.15,-0.56,-0.51,0,33.3,51.1
30,0,199912,1.98,28.7,0.11,-2.18,-1.88,-1.53,0,967,-1.22,-0.9,-0.87,0,-1.05,-0.4,-0.13,20.6,36.6
30,0,200001,3.3,19.2,0.39,-1.66,0.88,-0.7,0,1243,0.56,-0.53,-0.52,0.37,-0.57,-1,-0.42,9.5,28.9
30,0,200002,2.88,25.9,0.55,-1.29,0.6,-0.14,0,961,0.47,0.65,-0.26,0.78,-0.25,-0.62,-0.4,16.5,35.4
30,0,200003,3.03,37.9,0.2,-1.45,-0.88,-0.59,0,728,-0.02,0.27,0.5,-0.44,0.19,-0.84,-0.5,27.5,48.4
30,0,200004,5.16,42.6,1.3,1.3,3.37,1.3,0,573,1.7,1.23,1.27,0.45,0.88,-0.02,-0.19,33,52.2
30,0,200005,5.8,56.4,2.05,2.05,2.64,2.05,16,213,1.6,1.91,1.78,1.34,1.57,0.7,0.11,45.8,67.1
30,0,200006,5.32,63.5,2.7,2.7,2.57,2.7,81,42,1.05,1.65,2,2.07,1.09,1.32,-0.1,53.4,73.7
30,0,200007,4.34,64.8,3.01,3.01,1.78,3.01,116,25,0.51,0.99,1.58,2.03,1.35,1.5,-0.04,54.6,75
30,0,200008,4.16,65.4,3.22,3.22,1.56,3.22,134,23,0.46,0.58,1.04,1.93,1.59,1.71,0.09,55.5,75.3
30,0,200009,3.69,58.3,3.16,3.16,0.83,3.16,29,126,0.09,0.33,0.5,1.84,1.95,1.1,0.24,47.7,68.9
30,0,200010,2.34,48.8,-0.18,2.66,-0.53,2.39,0,405,-0.72,-0.57,-0.28,0.98,1.42,1,0.14,38.3,59.2
30,0,200011,2.74,36.3,-0.35,2.2,-0.57,1.64,0,740,-0.5,-0.94,-0.79,0.16,1.16,0.95,0.29,29,43.7
30,0,200012,3.48,19.5,-0.15,2.13,0.49,1.72,0,1232,0.34,-0.12,-0.64,-0.19,1.14,1.24,0.59,11,27.9
30,0,200101,1.61,22.4,-0.77,1.27,-1.92,0.07,0,1187,-1.44,-0.67,-0.85,-0.8,0.47,0.91,0.01,14.5,30.3
30,0,200102,2.22,24.7,-0.9,0.94,-0.61,-0.47,0,990,-0.29,-1.32,-0.79,-1.19,-0.19,0.78,0.12,15.8,33.7
30,0,200103,4.92,28,1.11,1.95,3.32,1.66,0,985,1.74,1.11,0.22,-0.44,-0.1,1.15,0.23,19.7,36.2
30,0,200104,1.18,44.4,-1.4,-1.4,-4.19,-1.4,0,512,-2.56,-0.09,-0.32,-0.89,-0.87,0.28,0.13,32.7,56.1
30,0,200105,2.94,57,-1.71,-1.71,-1.37,-1.71,17,204,-0.43,-1.71,-0.36,-0.85,-1.13,-0.39,0.17,45.1,69
30,0,200106,4.29,64.8,-1.3,-1.3,0.7,-0.88,117,27,0.45,-0.01,-0.95,-0.72,-0.95,-0.62,0.46,53.7,75.9
30,0,200107,2.4,65.9,-1.68,-1.68,-1.55,-1.68,129,18,-1.47,-0.46,-0.65,-0.77,-1.12,-1.09,0.36,54.7,77.2
30,0,200108,3.11,70.1,-2.2,-2.2,-2.08,-2.2,262,3,-0.54,-1.4,-0.72,-0.84,-1.14,-1.3,0.42,58.3,81.8
30,0,200109,4.13,59.4,-1.94,-1.94,0.12,-1.81,39,104,0.4,-0.04,-0.84,-1.3,-1.12,-1.23,-0.01,48,70.7
30,0,200110,2.36,50.1,-2.36,-2.36,-1.88,-2.36,2,363,-0.71,-0.33,-0.54,-0.9,-1,-1.32,-0.13,39.3,61
30,0,200111,2.24,43.1,-3.32,-3.32,-3.6,-3.32,0,553,-1,-1.28,-0.81,-1.11,-1.22,-1.5,-0.25,33.6,52.6
30,0,200112,2.74,33.4,-3.45,-3.45,-1.42,-3.45,0,841,-0.37,-0.97,-1.31,-1.48,-1.79,-1.69,-0.1,25.8,41
30,0,200201,2.19,29.1,-3.42,-3.42,-0.96,-3.42,0,967,-0.59,-0.79,-1.27,-1.33,-1.46,-1.51,-0.26,21.6,36.6
30,0,200202,2.3,29.1,-3.22,-3.22,-0.46,-3.22,0,869,-0.19,-0.71,-0.84,-1.24,-1.45,-1.5,-0.38,18.6,39.5
30,0,200203,3.31,33.2,0.13,-2.75,0.4,-2.53,0,829,0.26,0.05,-0.4,-1.38,-1.54,-1.85,-0.34,23.5,42.9
30,0,200204,4.06,45.9,0.34,-2.24,0.68,-1.69,0,459,0.81,0.75,0.48,-0.59,-0.84,-1.13,-0.49,35.4,56.4
30,0,200205,5.34,51.3,1.28,-1.05,2.9,0.69,3,316,1.32,1.3,1.3,0.57,-0.11,-0.51,-0.58,40.3,62.3
30,0,200206,5.44,64.3,2.02,2.02,2.61,2.02,90,34,1.11,1.53,1.56,1.22,0.21,-0.22,-0.56,53.2,75.4
30,0,200207,2,70,-0.94,0.87,-2.83,-0.51,265,2,-2.08,-0.05,0.63,0.77,0.05,-0.28,-0.96,58.6,81.4
30,0,200208,2.63,69,-1.77,-1.77,-2.77,-1.77,237,5,-1.1,-2.03,-0.58,0.48,0.02,-0.39,-1.21,57,81.1
30,0,200209,4.6,63.1,0.04,-1.55,0.11,-1.43,76,56,0.72,-0.04,-1.1,0.65,0.41,-0.29,-1.07,51.3,74.9
30,0,200210,4.31,46.2,0.41,-1.02,1.13,-0.27,0,452,0.61,0.84,0.29,0.63,0.76,0.16,-0.74,37.4,54.9
30,0,200211,3.84,36,0.74,0.74,1.13,0.74,0,737,0.44,0.69,0.91,0.23,0.9,0.52,-0.56,29.1,43
30,0,200212,3.54,24.8,0.86,0.86,0.58,0.86,0,1088,0.39,0.54,0.73,-0.13,0.86,0.7,-0.53,17,32.6
30,0,200301,2.51,14.6,0.63,0.63,-0.43,0.63,0,1369,-0.21,0.01,0.29,0.4,0.65,0.77,-0.36,6,23.1
30,0,200302,2.52,18.3,0.54,0.54,-0.06,0.54,0,1160,0.08,-0.25,-0.02,0.76,0.22,0.82,-0.35,8.9,27.7
30,0,200303,2.81,31.7,0.4,0.4,-0.27,0.4,0,892,-0.24,-0.16,-0.37,0.39,-0.32,0.68,-0.67,20.1,43.3
30,0,200304,2.65,41.3,0.06,0.06,-0.88,-0.49,0,608,-0.57,-0.57,-0.54,-0.16,0.08,0.37,-0.43,30.5,52
30,0,200305,4.83,53.8,0.64,0.64,1.76,0.64,4,304,0.98,0.44,0.26,0.17,0.66,0.25,-0.18,43.4,64.3
30,0,200306,4.08,62.7,0.85,0.85,0.83,0.85,57,59,0.31,0.78,0.42,0.13,0.49,-0.06,-0.21,52.5,72.8
30,0,200307,4.53,68.1,1.27,1.27,1.52,1.27,210,6,0.66,0.53,0.88,0.43,0.49,0.52,0.1,57.6,78.6
30,0,200308,4.6,69.1,1.67,1.67,1.58,1.67,237,5,0.83,0.96,0.82,0.7,0.59,0.88,0.34,59,79.1
30,0,200309,5.43,60.5,2.45,2.45,2.86,2.45,52,86,1.23,1.45,1.47,1.22,0.99,1.07,0.53,50.4,70.6
30,0,200310,5.34,46.2,3.46,3.46,3.8,3.46,0,462,1.15,1.64,1.67,1.74,1.43,1.31,0.92,36.3,56.1
30,0,200311,4.3,40.5,3.53,3.53,1.27,3.53,0,614,0.79,1.29,1.71,1.75,1.62,1.45,1.21,31.9,49.1
30,0,200312,4.42,27.5,3.82,3.82,1.97,3.82,0,1009,1.13,1.19,1.55,2.03,1.78,1.58,1.46,19.4,35.6
30,0,200401,2.24,12.8,3.14,3.14,-0.88,2.74,0,1427,-0.53,0.44,0.81,1.74,1.87,1.54,1.42,4.4,21.1
30,0,200402,1.49,21.7,2.16,2.16,-1.95,0.96,0,1045,-1.36,-1.41,-0.27,1.32,1.46,1.38,1.36,11.1,32.3
30,0,200403,2.37,34.8,1.45,1.45,-1.47,-0.3,0,824,-0.69,-1.42,-1.64,0.6,1.28,1.26,1.2,25.6,44
30,0,200404,3.8,44.1,1.5,1.5,0.6,0.02,0,514,0.58,-0.04,-0.74,0.13,1.26,1.52,1.12,33.8,54.4
30,0,200405,5.57,58.5,2,2,1.95,1.19,27,168,1.46,1.29,0.91,0.56,1.47,1.65,1.19,47.1,69.9
30,0,200406,2.88,62,1.5,1.5,-0.86,0.41,67,56,-0.63,0.57,0.68,-0.26,0.81,1.35,0.81,50.8,73.2
30,0,200407,6.08,67.3,2.69,2.69,4.01,2.69,173,10,1.72,0.69,1.27,0.68,0.94,1.61,1.43,57.9,76.7
30,0,200408,5.72,65.8,3.84,3.84,4.3,3.84,155,20,1.66,2.5,1.34,1.55,1.24,1.79,1.83,56.3,75.3
30,0,200409,5.32,61.9,4.37,4.37,2.76,4.37,63,69,1.16,1.89,2.35,2.07,1.39,1.79,1.87,51.6,72.2
30,0,200410,2.26,48.4,3.72,3.72,-0.58,3.44,0,409,-0.79,0.21,0.96,1.51,1.13,1.27,1.62,38.9,57.9
30,0,200411,3.25,38.8,3.3,3.3,-0.11,2.93,0,666,-0.04,-0.67,0.15,1,1.31,1.1,1.55,30,47.4
30,0,200412,4.19,26,3.5,3.5,1.61,3.5,0,1036,0.95,0.57,-0.09,1.57,1.56,1.03,1.66,17.4,34.5
30,0,200501,3.9,18.6,3.76,3.76,1.87,3.76,0,1258,1.06,1.4,0.98,1.31,1.74,1.36,1.77,9.8,27.5
30,0,200502,2.14,24.1,3.12,3.12,-0.76,2.77,0,1001,-0.39,0.54,0.96,0.67,1.3,1.54,1.79,13.8,34.4
30,0,200503,2.66,27.6,2.62,2.62,-0.53,2.01,0,1010,-0.39,-0.58,0.19,-0.02,1.48,1.57,1.75,17.9,37.4
30,0,200504,4.73,45.9,2.98,2.98,1.89,2.98,0,479,1.36,0.76,0.4,0.97,1.31,1.78,1.96,33.3,58.6
30,0,200505,1.59,51,1.93,1.93,-2.23,0.96,0,353,-1.72,-0.18,-0.39,0.31,0.26,0.92,1.61,39.6,62.4
30,0,200506,3.62,69.1,1.36,1.36,-1.11,-0.08,167,7,-0.02,-1.16,-0.24,-0.15,-0.22,1.05,1.5,57.7,80.4
30,0,200507,4.05,71.1,1.13,1.13,-0.27,-0.38,265,1,0.28,0.07,-0.82,-0.47,0.18,0.64,1.51,60.4,81.9
30,0,200508,4.24,70.1,0.95,0.95,-0.18,-0.56,281,3,0.53,0.44,0.29,-0.13,0.34,0.3,1.45,59.2,81
30,0,200509,3.88,63.2,0.61,0.61,-0.74,-1.07,108,45,0.23,0.49,0.49,0.06,0.11,0,1.23,51.8,74.6
30,0,200510,8.29,49.7,2.5,2.5,5.88,2.5,3,360,2.41,2.2,2.01,0.98,1.06,1.29,1.61,41.8,57.6
30,0,200511,4.95,40.5,3,3,2.26,3,0,619,1.25,2.5,2.36,1.94,1.49,1.67,1.69,30.7,50.3
30,0,200512,2.8,23.8,2.5,2.5,-0.59,2.19,0,1106,-0.31,0.73,2.16,1.93,1.37,1.36,1.52,16.8,30.9
30,0,200601,4.07,30.1,2.95,2.95,2.15,2.95,0,943,1.18,0.58,1.2,2.18,1.39,1.4,1.68,21.4,38.7
30,0,200602,2.02,24.7,2.32,2.32,-0.98,1.86,0,987,-0.55,0.58,0.18,2.08,1.8,1.42,1.81,16.1,33.3
30,0,200603,1.73,31.7,1.38,1.38,-2.11,0.01,0,876,-1.37,-1.52,-0.38,1.76,1.6,1.19,1.71,22.2,41.1
30,0,200604,3.36,45.7,1.06,1.06,-0.54,-0.49,0,471,0.16,-0.87,-1.1,0.25,1.58,0.91,1.59,33.6,57.8
30,0,200605,3.73,55.7,0.92,0.92,-0.09,-0.61,14,226,0.2,0.24,-0.48,-0.28,1.44,1.35,1.41,44.7,66.7
30,0,200606,7.16,64.5,2.55,2.55,5.18,2.55,99,31,1.93,1.57,1.37,1.04,2.06,2.01,1.93,54.8,74.1
30,0,200607,5.21,71,3,3,2.13,3,283,1,1.15,2.03,1.8,1.01,1.38,2.12,1.9,60.8,81.2
30,0,200608,4.26,66.8,3.18,3.18,1.46,3.18,195,14,0.55,1.17,1.97,1.28,1.19,2.11,1.69,56.2,77.3
30,0,200609,4.44,58.1,3.48,3.48,1.9,3.48,29,128,0.61,0.8,1.22,1.76,1.52,2.23,1.55,49,67.2
30,0,200610,6.16,46.6,4.74,4.74,4.84,4.74,0,435,1.54,1.57,1.51,2.21,1.73,1.91,2.04,37.3,55.8
30,0,200611,3.44,42.4,4.15,4.15,-0.29,3.99,0,554,0.12,1.28,1.37,2.36,1.83,1.7,2.05,34.4,50.3
30,0,200612,3.31,34.4,3.71,3.71,-0.05,3.47,0,817,0.18,0.19,1.17,1.57,1.95,1.74,1.97,26.9,41.9
30,0,200701,3.97,25.2,3.99,3.99,1.98,3.99,0,1051,1.11,0.86,0.7,1.55,2.25,1.73,1.91,17,33.4
30,0,200702,2.42,16.2,3.5,3.5,-0.24,3.35,0,1193,-0.04,0.8,0.65,1.47,2.33,1.89,2.02,7.6,24.8
30,0,200703,3.67,30.2,3.53,3.53,1.19,3.53,0,924,0.6,0.4,1,1.5,1.81,2.25,2.14,19.3,41.1
30,0,200704,4.92,41.2,4.25,4.25,3.24,4.25,0,604,1.51,1.45,1.23,1.27,1.85,2.56,2.1,31.9,50.5
30,0,200705,1.92,56.2,2.92,2.92,-2.68,1.83,20,196,-1.37,0.11,0.36,0.67,1.31,2.19,2.26,42.6,69.8
30,0,200706,2.91,65.7,2.06,2.06,-1.68,0.32,108,24,-0.6,-1.41,-0.32,0.28,0.88,1.29,2.08,53.2,78.2
30,0,200707,4.71,66.7,2.32,2.32,1.43,1.12,183,11,0.8,0.04,-0.69,0.14,0.48,1.17,2.26,55.9,77.5
30,0,200708,2.55,67.8,1.22,1.22,-2.57,-0.84,190,10,-1.2,-0.21,-0.52,-0.2,0.13,0.8,2.01,56.5,79
30,0,200709,3.31,62,0.59,0.59,-1.51,-1.83,68,65,-0.21,-1.03,-0.3,-0.51,-0.02,0.6,1.89,50,74
30,0,200710,5.01,54.9,0.68,0.68,0.44,-1.42,19,218,0.99,0.57,0.02,-0.51,0.09,0.37,1.48,44.8,65
30,0,200711,4.25,35.9,0.95,0.95,1.02,-0.73,0,741,0.75,1.15,0.84,0.21,0.33,0.56,1.39,27.7,44
30,0,200712,4.83,25.9,1.73,1.73,2.62,0.76,0,1048,1.45,1.35,1.56,0.98,0.56,0.89,1.68,19,32.9
30,0,200801,2.06,25.9,1.16,1.16,-1.17,-0.04,0,1070,-0.76,0.59,0.89,0.58,-0.01,0.48,1.39,17.7,34.1
30,0,200802,5.28,23.5,2.71,2.71,5.02,2.48,0,998,2.5,1.47,2.06,1.75,1.11,1.11,1.84,14.8,32.2
30,0,200803,5.15,29.3,3.67,3.67,3.71,3.67,0,912,1.94,2.97,2.28,2.5,1.87,1.39,2.25,19.7,39
30,0,200804,2.81,48.4,2.58,2.58,-2.13,1.69,0,434,-0.4,1.1,2.39,2.15,1.56,0.95,2.13,35.5,61.3
30,0,200805,2.28,51.7,1.85,1.85,-1.39,0.39,2,318,-1.02,-0.96,0.24,1.42,1.48,1.02,2.04,39.6,63.8
30,0,200806,4.38,66.7,1.84,1.84,0.54,0.6,150,13,0.5,-0.3,-0.45,1,1.63,1.28,1.6,56.2,77.1
30,0,200807,5.52,69.1,2.62,2.62,2.9,2.36,252,4,1.36,1.09,0.4,1.7,1.71,1.42,1.73,58.7,79.5
30,0,200808,4.06,64.8,2.83,2.83,1.46,2.83,130,26,0.38,1.23,1.09,0.91,1.69,1.66,1.69,54.2,75.4
30,0,200809,3.39,60.7,2.53,2.53,-0.04,2.45,60,77,-0.14,0.09,0.84,0.16,1.25,1.7,1.52,50.1,71.4
30,0,200810,4.74,46.4,3.2,3.2,2.8,3.2,0,452,0.85,0.48,0.55,0.64,1.62,1.7,1.33,35.7,57.1
30,0,200811,2.77,36.5,2.69,2.69,-0.55,2.41,0,725,-0.47,0.4,0.18,0.82,0.8,1.48,1.25,29.1,43.8
30,0,200812,5.29,26.5,3.53,3.53,3.34,3.53,0,1013,1.78,0.88,1.13,1.29,0.75,1.53,1.54,18,35.1
30,0,200901,2.53,15,3.03,3.03,-0.4,2.82,0,1354,-0.19,1.22,0.64,0.8,0.82,1.62,1.32,5.8,24.2
30,0,200902,1.68,24.7,2.18,2.18,-1.6,1.28,0,978,-1.05,-0.96,0.54,0.46,0.97,0.93,1.25,15,34.4
30,0,200903,2.81,33.1,1.81,1.81,-0.44,0.71,0,872,-0.24,-0.85,-0.94,0.49,0.79,0.38,1.1,22.4,43.8
30,0,200904,2.51,45.8,0.93,0.93,-2.1,-0.94,0,481,-0.73,-0.68,-1.17,-0.28,0.18,0.32,0.74,34.1,57.5
30,0,200905,4.64,55.1,1.26,1.26,1.27,-0.08,12,236,0.85,0.27,0.1,0.4,0.34,0.84,1.14,43.4,66.8
30,0,200906,5.03,62.1,1.92,1.92,2.38,1.34,52,64,0.89,1.09,0.65,0.06,0.71,0.94,1.38,52,72.2
30,0,200907,5.51,65.2,2.91,2.91,3.58,2.91,138,20,1.36,1.35,1.49,0.68,0.85,0.95,1.57,55.5,74.9
30,0,200908,5.05,67.9,3.52,3.52,2.72,3.52,221,9,1.18,1.8,1.64,1.31,1.37,1.1,1.89,57.9,77.9
30,0,200909,2.49,58.4,2.89,2.89,-0.81,2.51,29,123,-0.93,0.15,0.87,0.98,0.52,0.95,1.74,47.5,69.3
30,0,200910,4.42,45.9,3.4,3.4,2.43,3.4,0,461,0.67,-0.12,0.46,1.34,0.8,0.92,1.67,37.6,54.3
30,0,200911,2.06,41.8,-0.77,2.28,-2.31,1.3,0,569,-1.19,-0.11,-0.69,0.74,0.65,0.8,1.39,32.6,50.9
30,0,200912,3.64,25.2,-0.44,2.29,0.74,1.57,0,1068,0.48,-0.46,0.09,0.55,0.77,0.44,1.27,18,32.4
30,0,201001,2.41,21.8,-0.6,1.86,-0.59,0.88,0,1184,-0.33,0.01,-0.68,-0.04,0.89,0.41,1.28,14.3,29.2
30,0,201002,2.72,24.1,-0.43,1.77,0.31,0.89,0,1017,0.3,-0.17,0.1,-0.49,0.72,0.64,0.97,17.7,30.4
30,0,201003,3.64,38.2,-0.35,1.62,0.1,0.76,0,703,0.57,0.59,0.23,0.16,0.57,0.79,0.72,28.6,47.8
30,0,201004,2.09,49.2,-1.52,-1.52,-3.6,-1.52,0,382,-1.23,-0.36,-0.24,-0.71,-0.18,0.71,0.59,36.5,62
30,0,201005,2.63,58.6,-2.07,-2.07,-2.13,-2.07,33,154,-0.7,-1.23,-0.74,-0.52,-0.84,0.25,0.65,46.2,71.1
30,0,201006,5.57,65.1,0.85,-1.01,2.55,0.22,148,21,1.18,0.46,-0.09,0.01,0.01,0.36,0.79,54.8,75.4
30,0,201007,4.02,71.4,0.81,-0.85,0.16,0.43,326,1,0.25,0.96,0.42,0.18,-0.19,0.07,0.63,60.4,82.4
30,0,201008,4.47,68.2,1.16,1.16,1.28,1.16,222,8,0.73,0.57,1.13,0.37,0.36,-0.08,0.7,58,78.4
30,0,201009,3.3,60.9,0.85,0.85,-0.56,0.4,77,68,-0.22,0.29,0.31,0.05,0.12,0.1,0.7,50.9,70.9
30,0,201010,6.9,48.5,2.39,2.39,4.88,2.39,2,377,1.86,1.4,1.44,1.28,1.09,0.66,0.97,39.1,57.9
30,0,201011,2.86,37.9,1.95,1.95,-0.59,1.63,0,680,-0.39,1.34,1.02,1.44,0.89,0.85,0.99,29.2,46.7
30,0,201012,3.31,23.1,1.82,1.82,0.22,1.53,0,1146,0.18,-0.15,1.22,1.04,0.73,0.78,0.76,16.9,29.4
30,0,201101,2.01,18.6,1.21,1.21,-1.26,0.33,0,1286,-0.83,-0.5,-0.64,0.82,0.85,0.69,0.68,10.6,26.7
30,0,201102,3.53,21.8,1.69,1.69,1.8,1.5,0,1043,1.11,0.16,0.15,0.94,1.36,0.87,0.93,11.3,32.3
30,0,201103,4.51,30.9,2.39,2.39,2.62,2.39,0,886,1.38,1.66,0.99,1.54,1.33,1.03,1.12,21.7,40.2
30,0,201104,6.78,45,4.07,4.07,5.78,4.07,0,497,2.82,2.78,3.09,1.7,2.08,2.01,1.63,35.1,54.8
30,0,201105,6.17,58,4.61,4.61,2.87,4.61,26,172,1.82,2.59,2.93,2.6,2.45,2.68,1.92,48.1,67.9
30,0,201106,4.25,65.1,4.35,4.35,0.67,4.35,117,26,0.42,1.39,2.26,2.56,2.51,2.36,1.75,54.6,75.5
30,0,201107,2.55,71.4,3.17,3.17,-2.2,2.27,308,1,-1.27,-0.4,0.7,2.4,1.58,1.98,1.43,59.7,83.1
30,0,201108,7.76,67.6,5.09,5.09,6.73,5.09,202,11,2.93,1.66,1.3,3.01,2.73,2.53,1.78,57.3,77.8
30,0,201109,7.12,62.6,6.32,6.32,5.26,6.32,84,54,2.13,3.09,2.45,3.09,3.09,3.09,2.29,53.6,71.7
30,0,201110,4.61,49.6,6.46,6.46,2.38,6.46,2,362,0.78,2.03,2.92,2.53,3.09,2.85,2.34,40.6,58.6
30,0,201111,2.98,43.1,-0.36,5.44,-1.08,4.99,0,552,-0.28,0.44,1.59,2,3.09,3.02,2.44,33.3,52.8
30,0,201112,3.44,31.8,0.14,5.02,0.42,4.67,0,872,0.3,0,0.47,1.99,2.8,2.9,2.42,23.9,39.7
30,0,201201,3.29,26,0.41,4.79,0.86,4.7,0,1032,0.55,0.48,0.2,2.4,2.34,3.09,2.42,17.4,34.6
30,0,201202,1.27,29.9,-0.79,3.51,-2.36,2.49,0,847,-1.76,-0.65,-0.36,1.18,1.66,2.93,2.38,21.8,37.9
30,0,201203,1.97,43.3,-1.93,1.92,-3.67,-0.45,0,580,-1.11,-2.04,-1.31,-0.34,1.35,2.46,2.17,32,54.6
30,0,201204,2.9,43.9,-2.06,1.4,-0.98,-1.2,0,489,-0.3,-1.06,-1.77,-1.02,1.58,1.7,2.22,32.7,55.1
30,0,201205,4.12,60.5,-1.98,1.12,-0.41,-1.45,44,131,0.49,0.2,-0.39,-0.58,0.69,1.25,2.53,49.1,72
30,0,201206,3.34,64.6,-1.99,0.79,-0.62,-1.78,98,30,-0.23,0.11,-0.06,-0.83,-0.33,1.02,2.15,53.7,75.5
30,0,201207,3.14,71.4,-2.23,-2.23,-1.35,-2.23,302,1,-0.58,-0.58,-0.23,-1.21,-0.9,1.14,2.13,59.5,83.2
30,0,201208,3.19,68.5,-2.57,-2.57,-1.72,-2.57,227,8,-0.46,-0.83,-0.79,-0.91,-0.98,0.18,1.94,57,79.9
30,0,201209,4.91,59.9,0.39,-1.92,1.16,-1.37,50,88,0.92,0.47,0.05,-0.1,-0.7,-0.3,2.08,49,70.9
30,0,201210,4.94,50.9,0.93,-1.15,1.74,0.18,4,325,0.95,1.25,0.87,0.44,-0.35,-0.24,1.86,42.3,59.6
30,0,201211,1.18,35.7,-0.96,-1.98,-2.87,-1.79,0,760,-2.3,-0.31,0.23,-0.41,-0.61,-0.72,1.64,27.6,43.9
30,0,201212,5.31,31.6,1.12,-0.66,3.37,0.99,0,883,1.8,0.04,0.63,0.4,0.25,-0.2,1.91,24.9,38.3
30,0,201301,2.12,24.3,-0.36,-0.95,-1.07,0.21,0,1104,-0.68,0.96,-0.39,0.47,0.17,-0.5,1.86,15.6,33
30,0,201302,2.38,23.3,-0.43,-0.95,-0.32,0.06,0,1018,-0.09,-0.71,0.72,0.6,-0.02,-0.25,1.79,15.6,31.1
30,0,201303,1.8,30.6,-1.05,-1.52,-1.99,-1.11,0,924,-1.29,-1.12,-1.48,-0.28,-0.25,-0.3,1.41,22.7,38.5
30,0,201304,3.1,43.4,-1.11,-1.53,-0.51,-1.24,0,534,-0.09,-1.03,-0.99,-1,-0.06,-0.25,0.88,32.4,54.4
30,0,201305,4.31,57.3,0.14,-1.23,0.42,-0.71,17,210,0.63,0.4,-0.27,0.23,0.26,-0.21,0.65,45,69.6
30,0,201306,7.46,64,2.04,2.04,5.73,2.04,104,32,2.06,1.89,1.57,0.74,0.85,0.71,1.06,53.9,74.1
30,0,201307,4.62,71.2,2.21,2.21,1.15,2.21,315,1,0.73,1.93,1.89,1.16,0.74,1.02,1.41,61.4,80.9
30,0,201308,3.85,65.8,2.25,2.25,0.82,2.25,152,19,0.19,0.56,1.75,1.19,1.34,1.11,0.88,55.1,76.4
30,0,201309,3.5,58.3,2.1,2.1,0.24,2.1,28,125,-0.06,0.03,0.4,1.42,0.76,0.85,0.37,47.1,69.6
30,0,201310,3.21,50.8,1.89,1.89,0.01,1.83,3,331,-0.07,-0.22,-0.12,1.3,0.82,0.53,0.15,40.6,61
30,0,201311,4.03,34.4,2.24,2.24,1.63,2.24,0,766,0.59,0.27,0.11,1.32,0.99,1.16,0.31,25.8,43.1
30,0,201312,3.61,25.4,2.24,2.24,0.69,2.24,0,1038,0.45,0.67,0.4,0.45,1.27,0.79,0.38,17.5,33.3
30,0,201401,2.6,16.9,1.91,1.91,-0.28,1.72,0,1313,-0.11,0.12,0.47,0.2,1.32,0.89,0.28,7.4,26.4
30,0,201402,2.92,18.8,1.94,1.94,0.68,1.94,0,1134,0.51,0.14,0.32,0.28,1.32,1.02,0.5,9.5,28
30,0,201403,3.05,23.7,1.79,1.79,0.13,1.78,0,1079,0,0.31,0.11,0.35,0.42,1.25,0.61,12.9,34.4
30,0,201404,3.57,43.5,1.71,1.71,0.31,1.71,0,546,0.36,0.27,0.41,0.58,0.34,1.37,0.67,31.7,55.4
30,0,201405,4.64,56.7,1.86,1.86,0.99,1.86,18,200,0.85,0.78,0.7,0.73,0.54,1.42,0.76,45.5,67.8
30,0,201406,5.11,65,2.33,2.33,1.99,2.33,109,26,0.94,1.13,1.06,0.98,0.88,0.89,0.98,53.8,76.2
30,0,201407,5.33,67.4,3.06,3.06,2.92,3.06,206,8,1.24,1.31,1.46,1.45,1.34,1.04,1.34,57,77.7
30,0,201408,3.69,65.3,3,3,0.77,3,146,22,0.04,0.89,1.15,1.26,1.23,0.97,1.41,54.8,75.7
30,0,201409,2.12,60.1,-0.6,2.09,-1.8,1.3,57,83,-1.31,-1.07,0,0.76,0.73,0.72,1.02,49.1,71.2
30,0,201410,3.98,51.3,-0.33,2.09,0.63,1.51,4,317,0.42,-0.53,-0.45,0.77,0.86,0.91,0.88,42.5,60.1
30,0,201411,2.72,35.3,-0.45,1.72,-0.48,0.9,0,756,-0.52,0,-0.76,0.27,0.58,0.65,1.09,27.7,42.8
30,0,201412,3.49,30.3,-0.24,1.71,0.5,1.06,0,918,0.35,-0.13,0.12,0,0.62,0.63,0.89,24.4,36.1
30,0,201501,2.34,16.2,-0.45,1.29,-0.71,0.35,0,1304,-0.41,-0.14,-0.42,-0.67,0.46,0.57,0.9,5.9,26.4
30,0,201502,2,9.2,-0.74,0.82,-1.01,-0.46,0,1378,-0.58,-0.85,-0.47,-0.94,0.05,0.36,0.85,-1.8,20.2
30,0,201503,1.61,25.5,-1.44,-1.44,-2.32,-1.44,0,1056,-1.5,-1.66,-1.76,-0.93,-0.75,0,0.79,15.2,35.8
30,0,201504,3.02,43.3,-1.5,-1.5,-0.64,-1.5,0,533,-0.18,-1.27,-1.42,-1.32,-1.36,-0.13,0.74,32.1,54.4
30,0,201505,2.75,61,-2.14,-2.14,-2.39,-2.14,52,120,-0.59,-0.51,-1.34,-1.37,-1.47,-0.58,0.54,47.8,74.2
30,0,201506,7.69,63,2.03,2.03,6.08,2.03,80,44,2.16,1.4,1.11,0.14,0.11,0.03,0.56,52.9,73
30,0,201507,3.6,68.1,0.01,1.83,0.04,1.78,236,6,-0.12,1.64,1.09,0.18,-0.06,-0.33,0.44,57.2,79
30,0,201508,3.07,67.5,-0.36,1.29,-1.07,0.67,230,10,-0.59,-0.6,1.23,0.15,-0.1,-0.47,0.35,56.6,78.4
30,0,201509,4.75,65,0.19,1.34,0.56,0.93,129,30,0.82,0.32,0.14,0.88,0.11,0.11,0.54,53.5,76.4
30,0,201510,3.7,47.4,0.43,1.46,0.78,1.33,0,408,0.25,0.63,0.28,0.95,0.3,0.06,0.58,37.4,57.6
30,0,201511,2.05,42.8,-0.82,-0.82,-2.45,-0.82,0,547,-1.2,-0.52,0.01,0.82,0.07,-0.11,0.31,33,52.6
30,0,201512,4.06,39.3,-0.56,-0.56,0.53,-0.56,0,648,0.84,-0.19,-0.04,-0.04,0.63,0.05,0.42,32,46.5
30,0,201601,1.78,23.7,-1.04,-1.04,-1.64,-1.04,0,1117,-1.16,-0.13,-0.81,-0.27,0.47,-0.08,0.31,15.3,32
30,0,201602,4.38,26.7,1.12,1.12,3.36,1.12,0,928,1.83,0.63,0.96,0.56,1.15,0.45,0.49,17,36.3
30,0,201603,2.21,37.6,-0.74,-0.74,-2.22,-0.74,0,693,-0.85,0.75,-0.02,-0.11,-0.07,0.56,0.34,26.7,48.5
30,0,201604,2.61,41.3,-0.98,-0.98,-0.95,-0.98,0,573,-0.62,-1.1,0.21,-0.48,-0.15,0.48,0.19,29.4,53.2
30,0,201605,2.56,55.7,-1.45,-1.45,-1.71,-1.45,13,230,-0.76,-0.9,-1.34,-0.32,-0.26,0.42,-0.12,44,67.5
30,0,201606,2.97,64.1,-1.69,-1.69,-1.17,-1.69,102,31,-0.55,-0.95,-1.09,-0.99,-0.78,-0.66,-0.42,51.8,76.3
30,0,201607,3.37,70.4,-1.89,-1.89,-1.1,-1.89,282,1,-0.34,-0.67,-0.99,-0.71,-1.05,-0.7,-0.75,58.9,81.8
30,0,201608,4.58,70.9,-1.62,-1.62,0.2,-1.46,291,2,0.81,0.23,-0.15,-1.04,-0.41,-0.33,-0.6,60.2,81.6
30,0,201609,2.48,62.9,-2.37,-2.37,-2.73,-2.37,98,48,-0.94,-0.15,-0.38,-1.11,-1.08,-0.88,-0.54,51,74.9
30,0,201610,5.43,50.4,-1.59,-1.59,1.61,-0.82,3,337,1.2,0.37,0.66,-0.21,-0.13,-0.49,-0.32,40.9,59.9
30,0,201611,2.73,40.2,-1.85,-1.85,-1.27,-1.58,0,621,-0.51,0.69,0.07,-0.15,-0.82,-0.34,-0.31,31.1,49.2
30,0,201612,3.57,27.5,-1.45,-1.45,0.63,-0.86,0,1002,0.42,-0.07,0.74,0.25,-0.42,-0.42,-0.27,20.3,34.7
